"DESCRIPTION","DURATION IN MS","NAME","PARENT SUITE","START TIME","STATUS","STOP TIME","SUB SUITE","SUITE","TEST CLASS","TEST METHOD"
"","91","Удалённый герой пропадает из списка","","2026-09-30","passed","2026-09-30","","tests.HeroesApiTest","tests.HeroesApiTest","shouldDeleteHero"
"","49","Созданный герой доступен по своему id","","2026-09-30","passed","2026-09-30","","tests.HeroesApiTest","tests.HeroesApiTest","shouldGetCreatedHero"
"","61","Герой создаётся с разными городами и навыками Создание героя: город Kazan, навык Teacher","","2026-09-30","passed","2026-09-30","","tests.HeroesApiTest","tests.HeroesApiTest","shouldCreateHeroWithDifferentData"
"","90","Герой создаётся с разными городами и навыками Создание героя: город Orenburg, навык Doctor","","2026-09-30","passed","2026-09-30","","tests.HeroesApiTest","tests.HeroesApiTest","shouldCreateHeroWithDifferentData"
"","2057","Животное запрашивается по имени","","2026-09-30","passed","2026-09-30","","tests.AnimalApiTest","tests.AnimalApiTest","shouldReturnAnimalByName"
"","226","Герой обновляется и изменения сохраняются","","2026-09-30","passed","2026-09-30","","tests.HeroesApiTest","tests.HeroesApiTest","shouldUpdateHero"
"","55","Созданный герой появляется в общем списке","","2026-09-30","passed","2026-09-30","","tests.HeroesApiTest","tests.HeroesApiTest","shouldFindCreatedHeroInList"
"","70","Возвращается три животных","","2026-09-30","passed","2026-09-30","","tests.AnimalApiTest","tests.AnimalApiTest","shouldReturnThreeAnimals"
"","55","Герой создаётся с разными городами и навыками Создание героя: город Moscow, навык Engineer","","2026-09-30","passed","2026-09-30","","tests.HeroesApiTest","tests.HeroesApiTest","shouldCreateHeroWithDifferentData"
"","27","Несуществующий герой возвращает клиентскую ошибку 4xx","","2026-09-30","passed","2026-09-30","","tests.HeroesApiTest","tests.HeroesApiTest","shouldReturnClientErrorForUnknownHero"
"","35","Тип и имя каждого животного совпадают с ожидаемым","","2026-09-30","passed","2026-09-30","","tests.AnimalApiTest","tests.AnimalApiTest","shouldReturnExpectedTypeNamePairs"
